nama,merek,sku,kategori,harga_diskon,harga,url_produk
EPSON PLQ-35 Passbook Printer,EPSON,3338257426,Office & Stationary,8589000,11537999.99,https://www.bhinneka.com/3338257426-epson-plq-35-passbook-printer-sku3338257426
EPSON POS Printer TM-T82III-541 USB+Serial,EPSON,3337743035,Office & Stationary,3688999,3841999,https://www.bhinneka.com/3337743035-epson-pos-printer-tm-t82iii-541-usb-serial-sku3337743035
EPSON POS Printer TM-T82III-542 Ethernet,EPSON,3337743132,Office & Stationary,4269000,4443000,https://www.bhinneka.com/3337743132-epson-pos-printer-tm-t82iii-542-ethernet-sku3337743132
EPSON POS Printer TM-T82III-543 USB+Parallel,EPSON,3337743229,Office & Stationary,3688999,3841999,https://www.bhinneka.com/3337743229-epson-pos-printer-tm-t82iii-543-usb-parallel-sku3337743229
EPSON LQ-590IIN Impact Printer,EPSON,3322693679,Office & Stationary,12588999,16906000,https://www.bhinneka.com/3322693679-epson-lq-590iin-impact-printer-c11cf39502-sku3322693679
EPSON Printer LX-310,EPSON,SKU01212231,Office & Stationary,2959000,3398999,https://www.bhinneka.com/sku01212231-epson-printer-lx-310-skusku01212231
EPSON EcoTank L18050 Ink Tank Printer,EPSON,3340479017,Office & Stationary,9889000,12400000,https://www.bhinneka.com/3340479017-epson-ecotank-l18050-ink-tank-printer-sku3340479017
HP DesignJet T830 24-inch Large Format A1 Multifunction Printer,HP,3341576281,Office & Stationary,52000000,52000000,https://www.bhinneka.com/3341576281-hp-designjet-t830-24-inch-large-format-a1-multifunction-printer-f9a28e-sku3341576281
BROTHER Label Printer PT-P950NW,BROTHER,3317742411,Office & Stationary,9350000,9350000,https://www.bhinneka.com/3317742411-brother-label-printer-pt-p950nw-sku3317742411
BROTHER Printer Label PT-M95,BROTHER,3317731353,Office & Stationary,593000,593000,https://www.bhinneka.com/brother-printer-label-pt-m95-sku3317731353
EPSON Printer LQ-310,EPSON,SKU00213153,Office & Stationary,3628999,4599999,https://www.bhinneka.com/sku00213153-epson-printer-lq-310-skusku00213153
TALLY DASCOM Printer Dot Matrix 1140 USB,TALLY DASCOM,SKU00217071,Office & Stationary,3382000,3382000,https://www.bhinneka.com/tally-dascom-printer-dot-matrix-1140-usb-skusku00217071
BROTHER Pita Printer TZE-S661,BROTHER,SKU08615741,Office & Stationary,598000,598000,https://www.bhinneka.com/brother-pita-printer-tze-s661-skusku08615741
CANON Printer Laser Monochrome LBP6030W,CANON,SKU02815538,Office & Stationary,2703000.01,2703000.01,https://www.bhinneka.com/canon-printer-laser-monochrome-lbp6030w-skusku02815538
BROTHER Printer PT-D210,BROTHER,SKU06116033,Office & Stationary,957000,957000,https://www.bhinneka.com/brother-printer-pt-d210-skusku06116033
CANON Printer LBP351X,CANON,3315650121,Office & Stationary,27125070,27125070,https://www.bhinneka.com/canon-printer-lbp351x-sku3315650121
HP Latex 375 Printer HPL V8N83A,HP,3318218972,Office & Stationary,506000000,506000000,https://www.bhinneka.com/hp-latex-375-printer-hpl-v8n83a-sku3318218972
BROTHER Printer Mono Laser HL-1201,BROTHER,SKU02415799,Office & Stationary,1914000,1914000,https://www.bhinneka.com/brother-printer-mono-laser-hl-1201-skusku02415799
CANON Printer LBP841CDN,CANON,3315654292,Office & Stationary,39409000,39409000,https://www.bhinneka.com/canon-printer-lbp841cdn-sku3315654292
BROTHER Printer Label PT-H110,BROTHER,3317739307,Office & Stationary,832000,832000,https://www.bhinneka.com/brother-printer-label-pt-h110-sku3317739307
BROTHER Tube Printer  PT-E800T,BROTHER,3317746582,Office & Stationary,8829999.99,8829999.99,https://www.bhinneka.com/brother-tube-printer-pt-e800t-sku3317746582
HID Fargo Printer DTC1250E,HID,SKU00614891,Office & Stationary,19948032,19948032,https://www.bhinneka.com/hid-fargo-printer-dtc1250e-51000-skusku00614891
BROTHER Pita Printer TZE-S231 - Black on White,BROTHER,SKU05515181,Office & Stationary,364000,364000,https://www.bhinneka.com/brother-pita-printer-tze-s231-black-on-white-skusku05515181
BROTHER Printer Mono Laser Multifunction DCP-1601,BROTHER,SKU06215309,Office & Stationary,2902000,2902000,https://www.bhinneka.com/brother-printer-mono-laser-multifunction-dcp-1601-skusku06215309
BROTHER Pita Printer TZE-S241,BROTHER,SKU08615708,Office & Stationary,452000,452000,https://www.bhinneka.com/brother-pita-printer-tze-s241-skusku08615708
BROTHER Pita Printer TZE-S641,BROTHER,SKU08615709,Office & Stationary,452000,452000,https://www.bhinneka.com/brother-pita-printer-tze-s641-skusku08615709
BROTHER Pita Printer TZE-S261,BROTHER,SKU08615740,Office & Stationary,598000,598000,https://www.bhinneka.com/brother-pita-printer-tze-s261-skusku08615740
BROTHER Printer HL-L5100DN,BROTHER,SKU07016119,Office & Stationary,7062000,7062000,https://www.bhinneka.com/brother-printer-hl-l5100dn-skusku07016119
BROTHER Pita Printer Label Brother TZE-731 Black On Green,BROTHER,SKU00814454,Office & Stationary,291000,291000,https://www.bhinneka.com/brother-pita-printer-label-brother-tze-731-black-on-green-skusku00814454
BROTHER Printer PT-E550W,BROTHER,SKU08515296,Office & Stationary,5086000,5086000,https://www.bhinneka.com/brother-printer-pt-e550w-skusku08515296
CANON Printer LBP8780x,CANON,3315651188,Office & Stationary,29819999.99,29819999.99,https://www.bhinneka.com/canon-printer-lbp8780x-sku3315651188
BROTHER Label Printer QL-800,BROTHER,3317744254,Office & Stationary,2902000,2902000,https://www.bhinneka.com/brother-label-printer-ql-800-sku3317744254
BROTHER Pita Printer TZE-SM941,BROTHER,SKU08615710,Office & Stationary,447000,447000,https://www.bhinneka.com/brother-pita-printer-tze-sm941-skusku08615710
BROTHER Printer Mono Laser HL-L2365DW,BROTHER,SKU02415838,Office & Stationary,3006000,3006000,https://www.bhinneka.com/brother-printer-mono-laser-hl-l2365dw-skusku02415838
BROTHER Printer Mono Laser Multifunction MFC-L2700D,BROTHER,SKU02415884,Office & Stationary,4722000,4722000,https://www.bhinneka.com/brother-printer-mono-laser-multifunction-mfc-l2700d-skusku02415884
BROTHER Printer PT-P750W,BROTHER,SKU08515413,Office & Stationary,3526000,3526000,https://www.bhinneka.com/brother-printer-pt-p750w-skusku08515413
BROTHER Printer MFC-L6900DW,BROTHER,3319109626,Office & Stationary,20373999.99,20373999.99,https://www.bhinneka.com/brother-printer-mfc-l6900dw-sku3319109626
BROTHER Label Printer QL-820NWB,BROTHER,3321616688,Office & Stationary,5086000,5086000,https://www.bhinneka.com/brother-label-printer-ql-820nwb-sku3321616688
BROTHER Laser Printer HL-L8360CDW,BROTHER,3321651705,Office & Stationary,11222000,11222000,https://www.bhinneka.com/brother-laser-printer-hl-l8360cdw-sku3321651705
BROTHER Printer Mono Laser HL-B2080DW,BROTHER,3322476981,Office & Stationary,3370000,3370000,https://www.bhinneka.com/brother-printer-mono-laser-hl-b2080dw-sku3322476981
